#,Company,Symbol,Weight,Price,Chg,% Chg
1,Nvidia,NVDA,7.46%,174.93,-0.47,(-0.27%)
2,Microsoft,MSFT,6.55%,504.25,-1.48,(-0.29%)
3,Apple Inc.,AAPL,5.84%,225.13,-0.88,(-0.39%)
4,Amazon,AMZN,4.14%,222.14,-1.67,(-0.75%)
5,Meta Platforms,META,3.24%,738.14,-9.59,(-1.28%)
6,Broadcom,AVGO,2.39%,290.37,-0.81,(-0.28%)
7,Alphabet Inc. (Class A),GOOGL,2.19%,200.23,0.91,(0.46%)
8,Alphabet Inc. (Class C),GOOG,2.05%,201.13,0.94,(0.47%)
9,Berkshire Hathaway,BRK.B,1.84%,488.92,0.24,(0.05%)
10,"Tesla, Inc.",TSLA,1.80%,319.91,-4.00,(-1.23%)
11,JPMorgan Chase,JPM,1.40%,291.85,-0.39,(-0.14%)
12,Walmart,WMT,1.37%,98.01,-4.56,(-4.44%)
13,Visa Inc.,V,1.17%,344.0,0.06,(0.02%)
14,Oracle Corporation,ORCL,1.15%,233.13,-1.94,(-0.82%)
15,Lilly (Eli),LLY,1.11%,708.62,3.18,(0.45%)
16,Mastercard,MA,0.94%,591.91,-0.77,(-0.13%)
17,Netflix,NFLX,0.90%,,-5.89,(-0.49%)
18,ExxonMobil,XOM,0.82%,109.34,0.80,(0.74%)
19,Johnson & Johnson,JNJ,0.75%,179.11,0.27,(0.15%)
20,Costco,COST,0.75%,970.28,-24.29,(-2.44%)
21,Home Depot (The),HD,0.69%,397.68,-4.06,(-1.01%)
22,AbbVie,ABBV,0.65%,210.33,1.17,(0.56%)
23,Procter & Gamble,PG,0.65%,158.54,-0.97,(-0.61%)
24,Palantir Technologies,PLTR,0.65%,155.49,-0.52,(-0.33%)
25,Bank of America,BAC,0.63%,48.26,-0.09,(-0.19%)
26,Chevron Corporation,CVX,0.55%,155.59,2.37,(1.54%)
27,Coca-Cola Company (The),KO,0.53%,70.62,-0.08,(-0.11%)
28,T-Mobile US,TMUS,0.51%,259.03,0.01,(0.01%)
29,GE Aerospace,GE,0.50%,269.27,2.82,(1.06%)
30,UnitedHealth Group,UNH,0.48%,303.48,3.64,(1.21%)
31,Philip Morris International,PM,0.48%,174.5,1.65,(0.95%)
32,Cisco,CSCO,0.46%,66.99,-0.12,(-0.18%)
33,Advanced Micro Devices,AMD,0.46%,163.37,-1.83,(-1.11%)
34,Wells Fargo,WFC,0.44%,77.77,-0.39,(-0.51%)
35,Salesforce,CRM,0.41%,245.3,-1.15,(-0.47%)
36,Morgan Stanley,MS,0.40%,144.5,0.38,(0.26%)
37,Abbott Laboratories,ABT,0.40%,132.08,-0.37,(-0.28%)
38,Linde plc,LIN,0.40%,486.28,3.92,(0.81%)
39,McDonald's,MCD,0.39%,313.86,0.78,(0.25%)
40,IBM,IBM,0.39%,239.52,-3.04,(-1.25%)
41,Goldman Sachs,GS,0.38%,716.98,-3.70,(-0.51%)
42,Merck & Co.,MRK,0.38%,86.31,1.65,(1.94%)
43,American Express,AXP,0.38%,308.45,0.05,(0.01%)
44,AT&T,T,0.37%,29.46,0.18,(0.61%)
45,Walt Disney Company (The),DIS,0.37%,116.36,-0.69,(-0.59%)
46,RTX Corporation,RTX,0.37%,156.28,-0.31,(-0.20%)
47,PepsiCo,PEP,0.36%,149.3,-1.43,(-0.95%)
48,Uber,UBER,0.34%,94.3,0.57,(0.61%)
49,Caterpillar Inc.,CAT,0.34%,418.52,-2.07,(-0.49%)
50,Verizon,VZ,0.33%,45.04,-0.03,(-0.06%)
51,Booking Holdings,BKNG,0.32%,,61.00,(1.08%)
52,Intuit,INTU,0.32%,659.95,-39.20,(-5.61%)
53,Texas Instruments,TXN,0.32%,201.37,0.60,(0.30%)
54,ServiceNow,NOW,0.32%,877.75,-12.50,(-1.40%)
55,Thermo Fisher Scientific,TMO,0.32%,477.98,-16.83,(-3.40%)
56,BlackRock,BLK,0.31%,,-1.00,(-0.09%)
57,Charles Schwab Corporation,SCHW,0.30%,95.73,0.22,(0.23%)
58,Citigroup,C,0.30%,92.79,-0.39,(-0.41%)
59,Boeing,BA,0.30%,225.03,-0.59,(-0.26%)
60,S&P Global,SPGI,0.30%,556.65,-0.38,(-0.07%)
61,Intuitive Surgical,ISRG,0.30%,471.42,-9.03,(-1.88%)
62,Qualcomm,QCOM,0.29%,154.48,-0.97,(-0.62%)
63,Arista Networks,ANET,0.29%,132.16,0.69,(0.52%)
64,GE Vernova,GEV,0.29%,606.55,1.96,(0.32%)
65,Amgen,AMGN,0.28%,295.55,-0.90,(-0.30%)
66,Accenture,ACN,0.28%,254.16,-0.89,(-0.35%)
67,NextEra Energy,NEE,0.27%,75.96,-0.22,(-0.29%)
68,Boston Scientific,BSX,0.27%,105.38,-0.67,(-0.63%)
69,TJX Companies,TJX,0.27%,137.63,-0.65,(-0.47%)
70,Adobe Inc.,ADBE,0.26%,354.0,0.56,(0.16%)
71,Stryker Corporation,SYK,0.26%,385.96,-5.91,(-1.51%)
72,Danaher Corporation,DHR,0.26%,204.18,-7.22,(-3.41%)
73,Pfizer,PFE,0.26%,25.71,0.33,(1.30%)
74,Progressive Corporation,PGR,0.26%,249.17,-3.51,(-1.39%)
75,Gilead Sciences,GILD,0.25%,116.7,-2.03,(-1.71%)
76,Lowe's,LOW,0.25%,256.93,-0.21,(-0.08%)
77,Honeywell,HON,0.24%,217.97,0.97,(0.45%)
78,Capital One,COF,0.24%,212.05,-2.66,(-1.24%)
79,Eaton Corporation,ETN,0.24%,345.52,-0.71,(-0.20%)
80,Union Pacific Corporation,UNP,0.23%,225.81,0.13,(0.06%)
81,Amphenol,APH,0.23%,108.94,0.29,(0.27%)
82,Deere & Company,DE,0.23%,486.9,-5.82,(-1.18%)
83,Micron Technology,MU,0.23%,116.08,-1.13,(-0.97%)
84,Blackstone Inc.,BX,0.22%,164.66,0.19,(0.11%)
85,Applied Materials,AMAT,0.22%,159.81,-1.15,(-0.71%)
86,Lam Research,LRCX,0.22%,98.62,-0.54,(-0.54%)
87,Comcast,CMCSA,0.22%,33.7,0.41,(1.22%)
88,KKR,KKR,0.22%,139.04,0.94,(0.68%)
89,Automatic Data Processing,ADP,0.22%,305.43,-3.60,(-1.16%)
90,Analog Devices,ADI,0.21%,247.14,2.27,(0.93%)
91,Palo Alto Networks,PANW,0.21%,182.62,-1.81,(-0.98%)
92,ConocoPhillips,COP,0.21%,94.71,-0.18,(-0.19%)
93,Medtronic,MDT,0.20%,90.85,-2.37,(-2.54%)
94,KLA Corporation,KLAC,0.20%,873.4,-5.04,(-0.57%)
95,Altria,MO,0.20%,67.69,0.11,(0.16%)
96,"Nike, Inc.",NKE,0.20%,76.23,-0.04,(-0.05%)
97,Welltower,WELL,0.20%,167.26,1.27,(0.76%)
98,Chubb Limited,CB,0.19%,279.03,-0.65,(-0.23%)
99,Synopsys,SNPS,0.19%,600.27,-0.86,(-0.14%)
100,DoorDash,DASH,0.18%,246.33,2.51,(1.03%)
101,Lockheed Martin,LMT,0.18%,446.72,0.72,(0.16%)
102,Southern Company,SO,0.18%,94.68,-0.26,(-0.27%)
103,Marsh McLennan,MMC,0.18%,211.08,-0.13,(-0.06%)
104,CrowdStrike,CRWD,0.18%,414.28,-4.89,(-1.17%)
105,Intercontinental Exchange,ICE,0.18%,179.24,-2.06,(-1.14%)
106,Intel,INTC,0.18%,23.44,-0.10,(-0.42%)
107,Vertex Pharmaceuticals,VRTX,0.18%,397.38,3.02,(0.77%)
108,Prologis,PLD,0.18%,109.08,-1.10,(-1.00%)
109,Starbucks,SBUX,0.18%,88.87,-0.64,(-0.71%)
110,Bristol Myers Squibb,BMY,0.17%,48.59,0.33,(0.68%)
111,CME Group,CME,0.17%,273.25,-1.36,(-0.49%)
112,American Tower,AMT,0.17%,210.17,0.67,(0.32%)
113,Constellation Energy,CEG,0.17%,312.86,-1.35,(-0.43%)
114,Duke Energy,DUK,0.17%,124.26,-0.22,(-0.18%)
115,Cadence Design Systems,CDNS,0.17%,347.68,2.23,(0.65%)
116,HCA Healthcare,HCA,0.17%,404.25,-5.93,(-1.45%)
117,Parker Hannifin,PH,0.16%,736.48,-6.50,(-0.87%)
118,Trane Technologies,TT,0.16%,422.31,-4.00,(-0.94%)
119,Waste Management,WM,0.16%,229.16,-0.87,(-0.38%)
120,Moody's Corporation,MCO,0.16%,510.3,-4.65,(-0.90%)
121,CVS Health,CVS,0.16%,71.3,0.48,(0.68%)
122,Sherwin-Williams,SHW,0.16%,362.51,-4.63,(-1.26%)
123,Royal Caribbean Group,RCL,0.15%,325.29,-3.83,(-1.16%)
124,O'Reilly Auto Parts,ORLY,0.15%,103.06,-0.94,(-0.91%)
125,Cintas,CTAS,0.15%,216.65,-0.08,(-0.04%)
126,Dell Technologies,DELL,0.15%,127.92,-0.56,(-0.44%)
127,McKesson Corporation,MCK,0.15%,694.76,-8.18,(-1.16%)
128,Northrop Grumman,NOC,0.15%,597.56,5.02,(0.85%)
129,General Dynamics,GD,0.15%,317.5,0.02,(0.01%)
130,3M,MMM,0.14%,154.35,-0.41,(-0.26%)
131,Mondelez International,MDLZ,0.14%,63.03,-0.15,(-0.23%)
132,Aon,AON,0.14%,375.26,1.26,(0.34%)
133,Ecolab,ECL,0.14%,283.11,-2.36,(-0.83%)
134,Cigna,CI,0.14%,299.56,-5.01,(-1.65%)
135,TransDigm Group,TDG,0.14%,,-8.60,(-0.61%)
136,Arthur J. Gallagher & Co.,AJG,0.14%,305.31,2.67,(0.88%)
137,Airbnb,ABNB,0.14%,126.44,1.48,(1.18%)
138,Coinbase Global,COIN,0.13%,300.15,-4.24,(-1.39%)
139,Motorola Solutions,MSI,0.13%,462.7,0.57,(0.12%)
140,Newmont,NEM,0.13%,70.15,1.15,(1.67%)
141,Apollo Global Management,APO,0.13%,134.03,-1.31,(-0.97%)
142,PNC Financial Services,PNC,0.13%,193.97,-1.03,(-0.53%)
143,Illinois Tool Works,ITW,0.13%,261.16,-0.87,(-0.33%)
144,Fiserv,FI,0.13%,139.11,-0.86,(-0.61%)
145,Equinix,EQIX,0.13%,769.5,-6.79,(-0.87%)
146,Republic Services,RSG,0.13%,236.51,0.40,(0.17%)
147,Emerson Electric,EMR,0.13%,130.21,-0.68,(-0.52%)
148,United Parcel Service,UPS,0.13%,86.18,-0.76,(-0.87%)
149,BNY Mellon,BK,0.13%,102.46,1.21,(1.19%)
150,U.S. Bancorp,USB,0.13%,46.11,-0.30,(-0.65%)
151,Marriott International,MAR,0.12%,262.26,-1.27,(-0.48%)
152,Williams Companies,WMB,0.12%,58.07,0.84,(1.48%)
153,Elevance Health,ELV,0.12%,312.05,2.05,(0.66%)
154,Howmet Aerospace,HWM,0.12%,172.97,1.03,(0.60%)
155,Colgate-Palmolive,CL,0.12%,86.08,0.03,(0.03%)
156,AutoZone,AZO,0.12%,,-28.33,(-0.68%)
157,Zoetis,ZTS,0.12%,154.91,-1.85,(-1.18%)
158,Johnson Controls,JCI,0.12%,104.87,-1.13,(-1.06%)
159,CSX Corporation,CSX,0.12%,36.14,0.15,(0.42%)
160,Air Products,APD,0.11%,295.0,2.63,(0.90%)
161,Vistra Corp.,VST,0.11%,191.0,-1.91,(-0.99%)
162,EOG Resources,EOG,0.11%,118.51,0.14,(0.12%)
163,PayPal,PYPL,0.11%,67.69,-0.39,(-0.57%)
164,Norfolk Southern Railway,NSC,0.11%,283.94,-1.55,(-0.54%)
165,Regeneron Pharmaceuticals,REGN,0.11%,600.07,9.06,(1.53%)
166,Hilton Worldwide,HLT,0.11%,269.45,-0.45,(-0.17%)
167,Monster Beverage,MNST,0.11%,64.43,0.04,(0.07%)
168,Travelers Companies (The),TRV,0.11%,275.02,0.63,(0.23%)
169,Autodesk,ADSK,0.11%,286.77,-1.86,(-0.65%)
170,American Electric Power,AEP,0.11%,113.45,-0.10,(-0.09%)
171,Axon Enterprise,AXON,0.10%,761.88,0.99,(0.13%)
172,Fortinet,FTNT,0.10%,77.87,-1.75,(-2.19%)
173,Freeport-McMoRan,FCX,0.10%,41.53,0.21,(0.52%)
174,Kinder Morgan,KMI,0.10%,26.78,0.21,(0.79%)
175,TE Connectivity,TEL,0.10%,200.37,-1.19,(-0.59%)
176,Cencora,COR,0.10%,303.27,-0.43,(-0.14%)
177,"Workday, Inc.",WDAY,0.10%,217.98,-9.52,(-4.18%)
178,Aflac,AFL,0.10%,108.17,0.27,(0.25%)
179,Chipotle Mexican Grill,CMG,0.10%,43.01,-0.06,(-0.14%)
180,United Rentals,URI,0.10%,889.94,-11.93,(-1.32%)
181,Roper Technologies,ROP,0.10%,530.5,-10.02,(-1.85%)
182,Truist Financial,TFC,0.10%,44.05,-0.34,(-0.77%)
183,Simon Property Group,SPG,0.10%,173.47,-0.66,(-0.38%)
184,NXP Semiconductors,NXPI,0.10%,223.58,-5.20,(-2.27%)
185,Quanta Services,PWR,0.10%,378.24,2.37,(0.63%)
186,Becton Dickinson,BDX,0.10%,196.58,-2.63,(-1.32%)
187,Fastenal,FAST,0.10%,48.97,-0.57,(-1.15%)
188,Digital Realty,DLR,0.10%,163.73,-1.61,(-0.97%)
189,Corning Inc.,GLW,0.10%,64.98,0.38,(0.58%)
190,Carrier Global,CARR,0.10%,65.12,-1.72,(-2.57%)
191,Realty Income,O,0.10%,59.59,-0.31,(-0.52%)
192,Cummins,CMI,0.09%,394.13,-2.23,(-0.56%)
193,Allstate,ALL,0.09%,206.0,-7.62,(-3.57%)
194,"Nasdaq, Inc.",NDAQ,0.09%,94.03,-0.47,(-0.50%)
195,General Motors,GM,0.09%,56.56,-0.21,(-0.37%)
196,FedEx,FDX,0.09%,225.54,-1.67,(-0.74%)
197,Sempra,SRE,0.09%,81.14,-1.26,(-1.53%)
198,MetLife,MET,0.09%,78.88,-0.16,(-0.20%)
199,Dominion Energy,D,0.09%,61.32,-0.20,(-0.33%)
200,L3Harris,LHX,0.09%,277.1,0.95,(0.34%)
201,Paccar,PCAR,0.09%,97.9,-0.29,(-0.29%)
202,Idexx Laboratories,IDXX,0.09%,635.88,-3.98,(-0.62%)
203,Marathon Petroleum,MPC,0.09%,166.81,0.99,(0.60%)
204,Phillips 66,PSX,0.09%,124.98,1.41,(1.14%)
205,Schlumberger,SLB,0.09%,33.86,0.49,(1.48%)
206,Public Storage,PSA,0.09%,286.69,-0.25,(-0.09%)
207,Paychex,PAYX,0.09%,138.65,-0.23,(-0.17%)
208,Corteva,CTVA,0.09%,72.95,-0.01,(-0.01%)
209,Ross Stores,ROST,0.09%,148.63,2.28,(1.56%)
210,D. R. Horton,DHI,0.08%,161.94,-1.43,(-0.88%)
211,Keurig Dr Pepper,KDP,0.08%,35.25,0.07,(0.20%)
212,Ameriprise Financial,AMP,0.08%,506.15,0.75,(0.15%)
213,Edwards Lifesciences,EW,0.08%,81.24,-0.16,(-0.19%)
214,W. W. Grainger,GWW,0.08%,992.5,-7.13,(-0.71%)
215,CBRE Group,CBRE,0.08%,159.31,-1.53,(-0.95%)
216,Kroger,KR,0.08%,71.36,-0.47,(-0.66%)
217,ONEOK,OKE,0.08%,74.08,0.39,(0.54%)
218,Copart,CPRT,0.08%,47.64,0.03,(0.07%)
219,American International Group,AIG,0.08%,82.59,0.06,(0.07%)
220,Ford Motor Company,F,0.08%,11.34,-0.15,(-1.35%)
221,Exelon,EXC,0.08%,44.67,-0.22,(-0.48%)
222,eBay,EBAY,0.08%,98.68,-0.47,(-0.47%)
223,"Block, Inc.",XYZ,0.08%,73.84,-0.34,(-0.46%)
224,Datadog,DDOG,0.08%,128.59,0.13,(0.10%)
225,Crown Castle,CCI,0.08%,102.63,-0.23,(-0.23%)
226,Garmin,GRMN,0.08%,229.79,-0.36,(-0.15%)
227,Kimberly-Clark,KMB,0.08%,133.13,-0.13,(-0.10%)
228,Target Corporation,TGT,0.08%,97.15,-1.54,(-1.56%)
229,Occidental Petroleum,OXY,0.08%,44.59,0.32,(0.72%)
230,MSCI,MSCI,0.08%,567.13,-7.13,(-1.24%)
231,Valero Energy,VLO,0.08%,140.23,-0.28,(-0.20%)
232,Electronic Arts,EA,0.08%,173.3,1.97,(1.15%)
233,Xcel Energy,XEL,0.08%,73.17,-0.00,(-0.01%)
234,Baker Hughes,BKR,0.08%,43.78,0.93,(2.17%)
235,Ametek,AME,0.07%,183.57,0.23,(0.13%)
236,ResMed,RMD,0.07%,288.37,-0.69,(-0.24%)
237,Take-Two Interactive,TTWO,0.07%,226.84,-1.83,(-0.80%)
238,Public Service Enterprise Group,PEG,0.07%,83.69,-1.47,(-1.72%)
239,Kenvue,KVUE,0.07%,21.55,-0.08,(-0.37%)
240,Yum! Brands,YUM,0.07%,148.03,-1.31,(-0.88%)
241,Diamondback Energy,FANG,0.07%,138.5,0.63,(0.46%)
242,Entergy,ETR,0.07%,89.53,-0.30,(-0.33%)
243,Carnival,CCL,0.07%,29.35,0.09,(0.31%)
244,Monolithic Power Systems,MPWR,0.07%,820.86,-5.41,(-0.65%)
245,Vulcan Materials Company,VMC,0.07%,288.32,2.04,(0.71%)
246,Sysco,SYY,0.07%,79.71,-1.27,(-1.57%)
247,Verisk Analytics,VRSK,0.07%,271.87,1.02,(0.38%)
248,Rockwell Automation,ROK,0.07%,337.4,-2.22,(-0.65%)
249,Prudential Financial,PRU,0.07%,107.27,0.14,(0.13%)
250,Delta Air Lines,DAL,0.07%,57.82,-1.23,(-2.09%)
251,Live Nation Entertainment,LYV,0.07%,162.45,0.55,(0.34%)
252,CoStar Group,CSGP,0.07%,88.88,0.63,(0.71%)
253,Hartford (The),HIG,0.07%,133.36,-0.61,(-0.46%)
254,Las Vegas Sands,LVS,0.06%,53.51,-0.11,(-0.21%)
255,Charter Communications,CHTR,0.06%,268.78,2.15,(0.81%)
256,Consolidated Edison,ED,0.06%,101.58,-0.19,(-0.18%)
257,Cardinal Health,CAH,0.06%,153.4,0.45,(0.29%)
258,Hershey Company (The),HSY,0.06%,179.58,-2.01,(-1.11%)
259,Fidelity National Information Services,FIS,0.06%,69.66,-0.11,(-0.15%)
260,Martin Marietta Materials,MLM,0.06%,601.86,1.25,(0.21%)
261,Microchip Technology,MCHP,0.06%,66.19,-0.58,(-0.86%)
262,Humana,HUM,0.06%,295.35,5.35,(1.84%)
263,Vici Properties,VICI,0.06%,32.94,-0.03,(-0.09%)
264,Cognizant,CTSH,0.06%,71.63,1.14,(1.61%)
265,Targa Resources,TRGP,0.06%,162.5,-0.37,(-0.23%)
266,Arch Capital Group,ACGL,0.06%,93.65,0.81,(0.88%)
267,WEC Energy Group,WEC,0.06%,108.46,-0.45,(-0.41%)
268,Otis Worldwide,OTIS,0.06%,87.65,-1.48,(-1.66%)
269,Xylem Inc.,XYL,0.06%,140.37,-1.50,(-1.06%)
270,Lennar,LEN,0.06%,129.45,-0.87,(-0.67%)
271,GE HealthCare,GEHC,0.06%,73.33,-0.54,(-0.73%)
272,Agilent Technologies,A,0.06%,117.14,-1.97,(-1.65%)
273,Seagate Technology,STX,0.06%,154.88,-3.52,(-2.22%)
274,Nucor,NUE,0.06%,143.38,-0.09,(-0.07%)
275,Willis Towers Watson,WTW,0.06%,337.14,1.41,(0.42%)
276,Wabtec,WAB,0.06%,191.5,-1.35,(-0.70%)
277,Fair Isaac,FICO,0.06%,,18.39,(1.37%)
278,EQT Corporation,EQT,0.06%,52.33,0.99,(1.93%)
279,Kraft Heinz,KHC,0.06%,27.49,0.07,(0.27%)
280,PG&E Corporation,PCG,0.06%,14.71,-0.65,(-4.23%)
281,Tractor Supply,TSCO,0.06%,61.0,-0.04,(-0.06%)
282,Raymond James Financial,RJF,0.06%,161.01,-1.47,(-0.90%)
283,IQVIA,IQV,0.06%,187.78,-4.26,(-2.22%)
284,Brown & Brown,BRO,0.06%,96.49,-0.30,(-0.31%)
285,Dexcom,DXCM,0.06%,81.02,-0.65,(-0.80%)
286,Estée Lauder Companies (The),EL,0.06%,87.93,1.36,(1.57%)
287,Old Dominion,ODFL,0.06%,150.1,-0.14,(-0.09%)
288,United Airlines Holdings,UAL,0.06%,97.17,-2.67,(-2.67%)
289,Ventas,VTR,0.05%,69.14,-0.04,(-0.06%)
290,DuPont,DD,0.05%,74.62,0.13,(0.18%)
291,State Street Corporation,STT,0.05%,109.56,-2.33,(-2.09%)
292,Ingersoll Rand,IR,0.05%,77.44,-1.60,(-2.02%)
293,Equifax,EFX,0.05%,245.52,-2.84,(-1.14%)
294,M&T Bank,MTB,0.05%,192.44,-0.75,(-0.39%)
295,Extra Space Storage,EXR,0.05%,139.16,-0.48,(-0.35%)
296,Broadridge Financial Solutions,BR,0.05%,251.93,-9.93,(-3.79%)
297,Archer Daniels Midland,ADM,0.05%,61.14,0.41,(0.68%)
298,Constellation Brands,STZ,0.05%,165.12,-1.18,(-0.71%)
299,DTE Energy,DTE,0.05%,139.5,-0.99,(-0.70%)
300,Warner Bros. Discovery,WBD,0.05%,11.64,0.10,(0.83%)
301,Hewlett Packard Enterprise,HPE,0.05%,21.81,0.77,(3.64%)
302,American Water Works,AWK,0.05%,145.92,0.29,(0.20%)
303,Fifth Third Bancorp,FITB,0.05%,42.89,-0.22,(-0.50%)
304,"Rollins, Inc.",ROL,0.05%,58.0,-0.44,(-0.75%)
305,NRG Energy,NRG,0.05%,145.23,-2.97,(-2.00%)
306,Kellanova,K,0.05%,79.84,-0.20,(-0.25%)
307,Keysight Technologies,KEYS,0.05%,160.49,1.98,(1.25%)
308,W. R. Berkley Corporation,WRB,0.05%,72.53,-0.11,(-0.16%)
309,Ameren,AEE,0.05%,101.52,-0.47,(-0.47%)
310,PPL Corporation,PPL,0.05%,36.72,-0.38,(-1.01%)
311,AvalonBay Communities,AVB,0.05%,190.46,-0.16,(-0.08%)
312,Veralto,VLTO,0.05%,108.46,-0.45,(-0.41%)
313,Iron Mountain,IRM,0.05%,90.57,-0.73,(-0.79%)
314,General Mills,GIS,0.05%,49.98,0.34,(0.67%)
315,Atmos Energy,ATO,0.05%,166.12,0.03,(0.02%)
316,Synchrony Financial,SYF,0.05%,71.17,-0.41,(-0.57%)
317,Mettler Toledo,MTD,0.05%,,-38.88,(-2.95%)
318,Western Digital,WDC,0.05%,75.3,-0.34,(-0.45%)
319,Cboe Global Markets,CBOE,0.05%,249.55,-2.39,(-0.95%)
320,"The Trade Desk, Inc.",TTD,0.04%,52.3,-0.23,(-0.45%)
321,Teledyne Technologies,TDY,0.04%,543.36,1.55,(0.29%)
322,PTC Inc.,PTC,0.04%,212.58,1.69,(0.80%)
323,Expedia Group,EXPE,0.04%,205.38,-0.30,(-0.15%)
324,International Paper,IP,0.04%,48.04,1.02,(2.18%)
325,Verisign,VRSN,0.04%,271.42,-0.00,(-0.00%)
326,Supermicro,SMCI,0.04%,42.3,-0.31,(-0.73%)
327,PPG Industries,PPG,0.04%,111.58,-0.48,(-0.43%)
328,FirstEnergy,FE,0.04%,43.51,-0.07,(-0.16%)
329,HP Inc.,HPQ,0.04%,26.63,0.16,(0.59%)
330,Dollar General,DG,0.04%,112.47,-2.38,(-2.07%)
331,PulteGroup,PHM,0.04%,125.28,-1.26,(-0.99%)
332,CenterPoint Energy,CNP,0.04%,37.79,-0.72,(-1.86%)
333,Equity Residential,EQR,0.04%,64.27,-0.21,(-0.33%)
334,Tyler Technologies,TYL,0.04%,566.56,-1.39,(-0.24%)
335,Steris,STE,0.04%,247.48,-2.07,(-0.83%)
336,Dover Corporation,DOV,0.04%,177.46,-1.28,(-0.72%)
337,Huntington Bancshares,HBAN,0.04%,16.67,-0.14,(-0.80%)
338,Eversource Energy,ES,0.04%,65.43,-0.28,(-0.43%)
339,Williams-Sonoma,WSM,0.04%,197.06,-2.22,(-1.11%)
340,Darden Restaurants,DRI,0.04%,206.56,-0.94,(-0.45%)
341,Northern Trust,NTRS,0.04%,126.07,-1.81,(-1.42%)
342,Cincinnati Financial,CINF,0.04%,152.94,-0.71,(-0.46%)
343,Lululemon Athletica,LULU,0.04%,198.27,0.14,(0.07%)
344,SBA Communications,SBAC,0.04%,220.94,-2.77,(-1.24%)
345,Dollar Tree,DLTR,0.04%,112.4,-0.95,(-0.84%)
346,Ulta Beauty,ULTA,0.04%,520.14,3.45,(0.67%)
347,Insulet Corporation,PODD,0.04%,329.17,-3.83,(-1.15%)
348,Leidos,LDOS,0.04%,180.48,0.31,(0.17%)
349,Church & Dwight,CHD,0.04%,94.95,0.03,(0.04%)
350,Regions Financial Corporation,RF,0.04%,25.75,-0.11,(-0.41%)
351,T. Rowe Price,TROW,0.04%,104.52,-1.25,(-1.18%)
352,LabCorp,LH,0.04%,275.86,-2.24,(-0.81%)
353,Expand Energy,EXE,0.04%,96.03,2.03,(2.15%)
354,Smurfit WestRock,SW,0.04%,43.7,1.74,(4.16%)
355,Hubbell Incorporated,HUBB,0.04%,427.96,-2.00,(-0.47%)
356,Corpay,CPAY,0.04%,317.61,1.19,(0.38%)
357,Jabil,JBL,0.04%,205.05,0.99,(0.49%)
358,"NVR, Inc.",NVR,0.04%,,-82.83,(-1.03%)
359,CMS Energy,CMS,0.04%,72.78,-0.23,(-0.32%)
360,NetApp,NTAP,0.04%,107.9,-0.52,(-0.48%)
361,CDW,CDW,0.04%,164.19,-2.72,(-1.63%)
362,Devon Energy,DVN,0.04%,33.9,0.12,(0.34%)
363,Citizens Financial Group,CFG,0.04%,48.33,-0.48,(-0.98%)
364,Global Payments,GPN,0.04%,85.69,-0.08,(-0.10%)
365,Edison International,EIX,0.04%,53.97,-1.99,(-3.57%)
366,Zimmer Biomet,ZBH,0.04%,104.44,-1.27,(-1.21%)
367,Quest Diagnostics,DGX,0.04%,184.42,0.02,(0.01%)
368,First Solar,FSLR,0.04%,191.75,-14.69,(-7.12%)
369,"Tapestry, Inc.",TPR,0.04%,98.68,-0.20,(-0.20%)
370,Biogen,BIIB,0.04%,138.95,-0.04,(-0.03%)
371,Tyson Foods,TSN,0.04%,56.88,0.30,(0.53%)
372,GoDaddy,GDDY,0.04%,146.1,-0.23,(-0.16%)
373,Texas Pacific Land Corporation,TPL,0.04%,879.83,-14.94,(-1.67%)
374,Lennox International,LII,0.04%,571.15,-17.93,(-3.04%)
375,Loews Corporation,L,0.03%,96.45,-0.25,(-0.26%)
376,ON Semiconductor,ON,0.03%,48.91,-0.56,(-1.14%)
377,Amcor,AMCR,0.03%,8.67,0.10,(1.18%)
378,KeyCorp,KEY,0.03%,18.17,-0.05,(-0.25%)
379,NiSource,NI,0.03%,42.3,-0.24,(-0.57%)
380,Trimble Inc.,TRMB,0.03%,80.73,0.52,(0.65%)
381,Gen Digital,GEN,0.03%,31.01,-0.43,(-1.37%)
382,McCormick & Company,MKC,0.03%,70.9,1.02,(1.46%)
383,Genuine Parts Company,GPC,0.03%,136.34,-0.65,(-0.47%)
384,Packaging Corporation of America,PKG,0.03%,210.56,12.44,(6.28%)
385,Steel Dynamics,STLD,0.03%,128.02,2.56,(2.04%)
386,Erie Indemnity,ERIE,0.03%,359.9,-4.38,(-1.20%)
387,Invitation Homes,INVH,0.03%,30.58,0.03,(0.10%)
388,Weyerhaeuser,WY,0.03%,25.8,-0.22,(-0.86%)
389,Gartner,IT,0.03%,244.7,0.50,(0.21%)
390,Halliburton,HAL,0.03%,21.37,0.26,(1.26%)
391,"F5, Inc.",FFIV,0.03%,314.51,-1.29,(-0.41%)
392,Coterra,CTRA,0.03%,23.5,0.27,(1.16%)
393,LyondellBasell,LYB,0.03%,55.52,0.19,(0.34%)
394,Jacobs Solutions,J,0.03%,147.3,0.76,(0.52%)
395,Principal Financial Group,PFG,0.03%,78.32,-0.41,(-0.51%)
396,West Pharmaceutical Services,WST,0.03%,242.6,-3.78,(-1.54%)
397,Teradyne,TER,0.03%,109.04,-0.48,(-0.44%)
398,Ralph Lauren Corporation,RL,0.03%,285.46,-0.77,(-0.27%)
399,Waters Corporation,WAT,0.03%,290.44,-6.29,(-2.12%)
400,Pentair,PNR,0.03%,104.45,-0.60,(-0.57%)
401,Incyte,INCY,0.03%,87.02,0.81,(0.95%)
402,Alliant Energy,LNT,0.03%,66.12,-0.22,(-0.32%)
403,International Flavors & Fragrances,IFF,0.03%,66.13,0.02,(0.02%)
404,Essex Property Trust,ESS,0.03%,262.73,0.69,(0.26%)
405,Bunge Global,BG,0.03%,84.19,1.82,(2.21%)
406,Dow Inc.,DOW,0.03%,23.73,-0.35,(-1.47%)
407,Snap-on,SNA,0.03%,321.67,-1.49,(-0.46%)
408,Evergy,EVRG,0.03%,72.54,-0.06,(-0.09%)
409,Mid-America Apartment Communities,MAA,0.03%,141.01,-1.35,(-0.95%)
410,Southwest Airlines,LUV,0.03%,31.11,-0.07,(-0.24%)
411,Aptiv,APTV,0.03%,74.3,-0.85,(-1.13%)
412,Fortive,FTV,0.03%,47.8,-0.24,(-0.50%)
413,Expeditors International,EXPD,0.03%,118.41,-0.89,(-0.74%)
414,Hormel Foods,HRL,0.03%,29.05,0.41,(1.41%)
415,Deckers Brands,DECK,0.03%,105.07,1.02,(0.98%)
416,Zebra Technologies,ZBRA,0.03%,305.44,0.70,(0.23%)
417,Best Buy,BBY,0.03%,72.61,0.34,(0.47%)
418,Masco,MAS,0.03%,72.32,-0.70,(-0.97%)
419,Domino's,DPZ,0.03%,445.73,2.87,(0.65%)
420,TKO Group Holdings,TKO,0.03%,182.93,0.32,(0.18%)
421,Omnicom Group,OMC,0.03%,77.55,-0.16,(-0.20%)
422,Hologic,HOLX,0.03%,67.16,-1.60,(-2.33%)
423,Builders FirstSource,BLDR,0.03%,133.13,0.38,(0.28%)
424,Clorox,CLX,0.03%,119.97,-1.28,(-1.06%)
425,Kimco Realty,KIM,0.03%,21.57,-0.06,(-0.28%)
426,Everest Group,EG,0.03%,348.13,4.61,(1.34%)
427,C.H. Robinson,CHRW,0.03%,122.95,1.86,(1.54%)
428,Cooper Companies (The),COO,0.03%,72.63,-0.88,(-1.19%)
429,Brown–Forman,BF.B,0.03%,30.54,0.11,(0.36%)
430,Ball Corporation,BALL,0.03%,52.73,-0.40,(-0.75%)
431,Allegion,ALLE,0.03%,167.15,-1.38,(-0.82%)
432,FactSet,FDS,0.02%,376.78,-10.86,(-2.80%)
433,Centene Corporation,CNC,0.02%,28.93,-0.47,(-1.60%)
434,Textron,TXT,0.02%,79.51,0.22,(0.27%)
435,CF Industries,CF,0.02%,85.99,0.55,(0.65%)
436,J.B. Hunt,JBHT,0.02%,141.74,-0.79,(-0.55%)
437,Avery Dennison,AVY,0.02%,175.88,0.19,(0.11%)
438,Alexandria Real Estate Equities,ARE,0.02%,77.48,0.02,(0.03%)
439,Paycom,PAYC,0.02%,234.25,7.30,(3.21%)
440,Regency Centers,REG,0.02%,71.56,-0.17,(-0.24%)
441,"UDR, Inc.",UDR,0.02%,38.55,-0.27,(-0.70%)
442,Franklin Resources,BEN,0.02%,24.52,-0.04,(-0.16%)
443,Fox Corporation (Class B),FOX,0.02%,53.98,-0.03,(-0.06%)
444,Viatris,VTRS,0.02%,10.74,0.08,(0.80%)
445,Nordson Corporation,NDSN,0.02%,220.8,7.28,(3.41%)
446,Solventum,SOLV,0.02%,71.95,-0.90,(-1.23%)
447,Fox Corporation (Class A),FOXA,0.02%,58.68,-0.29,(-0.49%)
448,Baxter International,BAX,0.02%,23.83,-0.45,(-1.83%)
449,IDEX Corporation,IEX,0.02%,162.44,-2.03,(-1.24%)
450,J.M. Smucker Company (The),SJM,0.02%,113.06,0.01,(0.01%)
451,Healthpeak Properties,DOC,0.02%,17.3,0.08,(0.44%)
452,Jack Henry & Associates,JKHY,0.02%,163.26,-0.54,(-0.33%)
453,Wynn Resorts,WYNN,0.02%,111.3,-0.22,(-0.19%)
454,Universal Health Services,UHS,0.02%,181.58,-3.12,(-1.69%)
455,Camden Property Trust,CPT,0.02%,107.95,-0.49,(-0.45%)
456,Pool Corporation,POOL,0.02%,308.5,-6.45,(-2.05%)
457,Stanley Black & Decker,SWK,0.02%,73.3,-0.62,(-0.84%)
458,Globe Life,GL,0.02%,139.63,0.53,(0.38%)
459,Generac,GNRC,0.02%,190.57,0.91,(0.48%)
460,News Corp (Class A),NWSA,0.02%,29.72,0.11,(0.35%)
461,Host Hotels & Resorts,HST,0.02%,16.23,0.11,(0.65%)
462,Hasbro,HAS,0.02%,79.51,-0.19,(-0.23%)
463,Skyworks Solutions,SWKS,0.02%,74.51,-0.62,(-0.82%)
464,Dayforce,DAY,0.02%,68.9,1.50,(2.23%)
465,Akamai Technologies,AKAM,0.02%,76.25,0.19,(0.24%)
466,Pinnacle West,PNW,0.02%,91.21,-1.11,(-1.20%)
467,Paramount Skydance Corp,PSKY,0.02%,16.13,2.15,(15.38%)
468,Assurant,AIZ,0.02%,214.84,-0.56,(-0.26%)
469,Norwegian Cruise Line Holdings,NCLH,0.02%,23.38,-0.47,(-1.97%)
470,"BXP, Inc.",BXP,0.02%,66.48,0.05,(0.08%)
471,Walgreens Boots Alliance,WBA,0.02%,12.16,-0.04,(-0.37%)
472,Huntington Ingalls Industries,HII,0.02%,265.3,-1.79,(-0.67%)
473,Revvity,RVTY,0.02%,89.35,-2.35,(-2.56%)
474,Mosaic Company (The),MOS,0.02%,32.5,0.04,(0.14%)
475,Molson Coors Beverage Company,TAP,0.02%,51.69,0.37,(0.73%)
476,Align Technology,ALGN,0.02%,140.87,-2.71,(-1.89%)
477,Moderna,MRNA,0.02%,26.22,-0.67,(-2.49%)
478,A. O. Smith,AOS,0.02%,71.75,-0.10,(-0.14%)
479,MGM Resorts,MGM,0.02%,36.21,-0.10,(-0.28%)
480,DaVita,DVA,0.02%,137.7,0.28,(0.21%)
481,Interpublic Group of Companies (The),IPG,0.02%,26.53,-0.08,(-0.30%)
482,Campbell Soup Company,CPB,0.02%,32.52,0.13,(0.40%)
483,Molina Healthcare,MOH,0.02%,174.45,0.85,(0.49%)
484,AES Corporation,AES,0.02%,13.07,-0.13,(-1.02%)
485,EPAM Systems,EPAM,0.02%,166.39,-0.06,(-0.03%)
486,Albemarle Corporation,ALB,0.02%,78.73,0.60,(0.77%)
487,Conagra Brands,CAG,0.02%,19.32,0.07,(0.36%)
488,Invesco,IVZ,0.02%,20.58,-0.20,(-0.96%)
489,Match Group,MTCH,0.02%,36.78,-0.23,(-0.62%)
490,CarMax,KMX,0.02%,57.92,0.11,(0.19%)
491,Bio-Techne,TECH,0.01%,54.0,-0.34,(-0.62%)
492,Federal Realty Investment Trust,FRT,0.01%,96.32,-0.12,(-0.12%)
493,Henry Schein,HSIC,0.01%,68.23,-0.42,(-0.60%)
494,LKQ Corporation,LKQ,0.01%,30.61,-0.01,(-0.03%)
495,Mohawk Industries,MHK,0.01%,124.21,0.16,(0.13%)
496,Lamb Weston,LW,0.01%,54.68,-0.52,(-0.93%)
497,Charles River Laboratories,CRL,0.01%,154.43,-5.15,(-3.23%)
498,Eastman Chemical Company,EMN,0.01%,66.03,-0.59,(-0.89%)
499,APA Corporation,APA,0.01%,20.7,0.36,(1.77%)
500,MarketAxess,MKTX,0.01%,186.9,-2.22,(-1.18%)
501,News Corp (Class B),NWS,0.01%,34.47,0.25,(0.73%)
502,Caesars Entertainment,CZR,0.01%,24.97,-0.25,(-0.98%)
503,Enphase Energy,ENPH,0.01%,34.47,-1.21,(-3.39%)
SPY,S&P 500 ETF,636.33,-1.78,,,
QQQ,Nasdaq 100 ETF,563.86,-2.04,,,
DIA,Dow Jones ETF,448.54,-0.82,,,
S&P 500,Magnificent 7,ARK Innovation,,,,
Nasdaq 100,Berkshire Hathaway,Cryptocurrency,,,,
Dow Jones,Blackrock,Treasury,,,,
